{
  "LightGBM_WG": {
    "n_estimators": 934,
    "learning_rate": 0.022913366003733532,
    "num_leaves": 99,
    "max_depth": 9,
    "min_child_samples": 10,
    "min_split_gain": 0.22446221703131208,
    "feature_fraction": 0.7089176802082539,
    "bagging_fraction": 0.8594230429169077,
    "bagging_freq": 1,
    "lambda_l1": 0.002953751326673039,
    "lambda_l2": 0.00020941272851084566
  },
  "XGBoost_WG": {
    "n_estimators": 665,
    "learning_rate": 0.03397159564146289,
    "max_depth": 7,
    "min_child_weight": 1,
    "gamma": 0.5610738694229438,
    "reg_alpha": 6.906057991529085e-07,
    "reg_lambda": 1.0816756541600569e-05,
    "subsample": 0.8905625253195293,
    "colsample_bytree": 0.6439763804600641
  },
  "GradientBoosting_CT": {
    "n_estimators": 400,
    "learning_rate": 0.06,
    "max_depth": 5,
    "subsample": 0.8,
    "min_samples_leaf": 5,
    "random_state": 42
  }
}